-- MySQL dump 10.13  Distrib 8.3.0, for macos14.2 (arm64)
--
-- Host: 127.0.0.1    Database: mall_tiny
-- ------------------------------------------------------
-- Server version	8.3.0

/*!40101 SET @OLD_CHARACTER_SET_CLIENT=@@CHARACTER_SET_CLIENT */;
/*!40101 SET @OLD_CHARACTER_SET_RESULTS=@@CHARACTER_SET_RESULTS */;
/*!40101 SET @OLD_COLLATION_CONNECTION=@@COLLATION_CONNECTION */;
/*!50503 SET NAMES utf8mb4 */;
/*!40103 SET @OLD_TIME_ZONE=@@TIME_ZONE */;
/*!40103 SET TIME_ZONE='+00:00' */;
/*!40014 SET @OLD_UNIQUE_CHECKS=@@UNIQUE_CHECKS, UNIQUE_CHECKS=0 */;
/*!40014 SET @OLD_FOREIGN_KEY_CHECKS=@@FOREIGN_KEY_CHECKS, FOREIGN_KEY_CHECKS=0 */;
/*!40101 SET @OLD_SQL_MODE=@@SQL_MODE, SQL_MODE='NO_AUTO_VALUE_ON_ZERO' */;
/*!40111 SET @OLD_SQL_NOTES=@@SQL_NOTES, SQL_NOTES=0 */;

--
-- Table structure for table `epaper_original`
--

DROP TABLE IF EXISTS `epaper_original`;
/*!40101 SET @saved_cs_client     = @@character_set_client */;
/*!50503 SET character_set_client = utf8mb4 */;
CREATE TABLE `epaper_original` (
  `file_id` int NOT NULL AUTO_INCREMENT COMMENT '文件唯一标识',
  `title` varchar(100) NOT NULL COMMENT '标题',
  `description` varchar(300) NOT NULL,
  `pic_path` varchar(100) NOT NULL COMMENT '图片地址',
  `update_time` datetime NOT NULL COMMENT '更新时间',
  `keyword` varchar(30) DEFAULT NULL COMMENT '关键字',
  PRIMARY KEY (`file_id`)
) ENGINE=InnoDB AUTO_INCREMENT=289 DEFAULT CHARSET=utf8mb4 COLLATE=utf8mb4_0900_ai_ci;
/*!40101 SET character_set_client = @saved_cs_client */;

--
-- Dumping data for table `epaper_original`
--

LOCK TABLES `epaper_original` WRITE;
/*!40000 ALTER TABLE `epaper_original` DISABLE KEYS */;
INSERT INTO `epaper_original` VALUES (26,'我遇见你，我记得你','我想我会一直很爱你 ','我遇见你，我记得你___我想我会一直很爱你 .jpg','2024-04-06 00:14:45',NULL),(27,'妇女节快乐！','自由、勇敢、野心勃勃','妇女节快乐！___自由、勇敢、野心勃勃.jpg','2024-04-06 00:14:45','妇女节'),(28,'深秋天气好，一定要快乐','幸福的人，每一天都不辜负生活的馈赠 ','深秋天气好，一定要快乐___幸福的人，每一天都不辜负生活的馈赠 .jpg','2024-04-06 00:14:45',NULL),(29,'静默等你来，等你来占有','思量永远是风，是你的风 ','静默等你来，等你来占有___思量永远是风，是你的风 .jpg','2024-04-06 00:14:45',NULL),(30,'我与光一起生活','无论何时，都要成为自己的光 ','我与光一起生活___无论何时，都要成为自己的光 .jpg','2024-04-06 00:14:45',NULL),(31,'生日快乐，席慕蓉','如何让你遇见我，在我最美丽的时刻','生日快乐，席慕蓉___如何让你遇见我，在我最美丽的时刻.jpg','2024-04-06 00:14:45',NULL),(32,'那是有萤火虫的傍晚','任何爱过的人，都没有白活','那是有萤火虫的傍晚___任何爱过的人，都没有白活.jpg','2024-04-06 00:14:45',NULL),(33,'行到水穷处，坐看云起时','月明云聚，心安即是天涯 ','行到水穷处，坐看云起时___月明云聚，心安即是天涯 .jpg','2024-04-06 00:14:45',NULL),(34,'我能看看你的生活吗？','人人皆有诗性，人人皆可写诗','我能看看你的生活吗？___人人皆有诗性，人人皆可写诗.jpg','2024-04-06 00:14:45',NULL),(35,'要明亮地相爱','赤忱地相爱，不回头地说再见','要明亮地相爱___赤忱地相爱，不回头地说再见.jpg','2024-04-06 00:14:45',NULL),(36,'明月人尽望，秋思落谁心','你好像有心事，月亮都知道','明月人尽望，秋思落谁心___你好像有心事，月亮都知道.jpg','2024-04-06 00:14:45',NULL),(37,'我们久别重逢','相遇总是不期而至，离别却是蓄谋已久 ','我们久别重逢___相遇总是不期而至，离别却是蓄谋已久 .jpg','2024-04-06 00:14:45',NULL),(38,'绿灯亮起，就朝前走。','等红灯的瞬间，我会短暂地想起你','绿灯亮起，就朝前走。___等红灯的瞬间，我会短暂地想起你.jpg','2024-04-06 00:14:45',NULL),(39,'起风了，好好活着。','走想走的路，爱想爱的人','起风了，好好活着。___走想走的路，爱想爱的人.jpg','2024-04-06 00:14:45',NULL),(40,'回家，他们一直在等你。','心有所念，最美是归途 ','回家，他们一直在等你。___心有所念，最美是归途 .jpg','2024-04-06 00:14:45',NULL),(41,'触摸那些福至心灵的瞬间','做个温柔的人，让幸福降落 ','触摸那些福至心灵的瞬间___做个温柔的人，让幸福降落 .jpg','2024-04-06 00:14:45',NULL),(42,'望穿秋水，相逢会有时 ','穿过重重岁月，人生何处不相逢','望穿秋水，相逢会有时 ___穿过重重岁月，人生何处不相逢.jpg','2024-04-06 00:14:45',NULL),(43,'新的一周，到点下班','万物运动，请让我慢下来吧','新的一周，到点下班___万物运动，请让我慢下来吧.jpg','2024-04-06 00:14:45',NULL),(44,'做自己，究竟有多迷人','愿好运气与我们同在，狂野又幸福的是我们','做自己，究竟有多迷人___愿好运气与我们同在，狂野又幸福的是我们.jpg','2024-04-06 00:14:45',NULL),(45,'自然地生活吧','我唯一的事，是爱这个世界','自然地生活吧___我唯一的事，是爱这个世界.jpg','2024-04-06 00:14:45',NULL),(46,'无事过这一夏','看月亮的人，各有各的心事 ','无事过这一夏___看月亮的人，各有各的心事 .jpg','2024-04-06 00:14:45',NULL),(47,'我喜欢的人，眼中有星光','你是一颗星，就会有人循光而来 ','我喜欢的人，眼中有星光___你是一颗星，就会有人循光而来 .jpg','2024-04-06 00:14:45',NULL),(48,'其实，这完全是一种巧合','想你的时候，终于云淡风轻','其实，这完全是一种巧合___想你的时候，终于云淡风轻.jpg','2024-04-06 00:14:45',NULL),(49,'小楫轻舟，梦入芙蓉浦。','做最温柔的梦，盛满世间行色匆匆 ','小楫轻舟，梦入芙蓉浦。___做最温柔的梦，盛满世间行色匆匆 .jpg','2024-04-06 00:14:45',NULL),(50,'一瞬动心，就永远动心','相遇的那刻起，我就明了我心所属 ','一瞬动心，就永远动心___相遇的那刻起，我就明了我心所属 .jpg','2024-04-06 00:14:45',NULL),(51,'劝君惜取少年时','青春不是年龄，而是心境 青年节特别节目','劝君惜取少年时___青春不是年龄，而是心境 青年节特别节目.jpg','2024-04-06 00:14:45',NULL),(52,'认真生活','别担心，生活有时悲伤，有时快乐 ','认真生活___别担心，生活有时悲伤，有时快乐 .jpg','2024-04-06 00:14:45',NULL),(53,'去生活，去爱','再难走的路，也会有尽头 ','去生活，去爱___再难走的路，也会有尽头 .jpg','2024-04-06 00:14:45',NULL),(54,'赤足跋涉\n穿过大雪','说会好起来时，是在相信你自己','赤足跋涉\n穿过大雪___说会好起来时，是在相信你自己.jpg','2024-04-06 00:14:45',NULL),(55,'满目青山，载月明归','哪能事事如意，只愿心中自在 ','满目青山，载月明归___哪能事事如意，只愿心中自在 .jpg','2024-04-06 00:14:45',NULL),(56,'爱情，也是闲情','我有许多平凡日常，想与你一起度过','爱情，也是闲情___我有许多平凡日常，想与你一起度过.jpg','2024-04-06 00:14:45',NULL),(57,'宇宙很大，生活更大','送你一片星空，我们一起躺平吧 ','宇宙很大，生活更大___送你一片星空，我们一起躺平吧 .jpg','2024-04-06 00:14:45',NULL),(58,'倒退着，驶向永恒的未来','即使时光倒流，我仍会选择成为这个自己 ','倒退着，驶向永恒的未来___即使时光倒流，我仍会选择成为这个自己 .jpg','2024-04-06 00:14:45',NULL),(59,'万事不决，可问稚子','你来了，我从此害怕一切意外 ','万事不决，可问稚子___你来了，我从此害怕一切意外 .jpg','2024-04-06 00:14:45',NULL),(60,'人生就是孑然独处','比起两个人的寂寞，我宁要一个人的孤独','人生就是孑然独处___比起两个人的寂寞，我宁要一个人的孤独.jpg','2024-04-06 00:14:45',NULL),(61,'爱书的你，在发光。','人生海海，每一种相遇都是奇迹 ','爱书的你，在发光。___人生海海，每一种相遇都是奇迹 .jpg','2024-04-06 00:14:45',NULL),(62,'别再追问，答案在风中。','我怀疑过很多事，从没怀疑过你','别再追问，答案在风中。___我怀疑过很多事，从没怀疑过你.jpg','2024-04-06 00:14:45',NULL),(63,'我和你，没有区分','你只管向前，并且义无反顾刘诗诗','我和你，没有区分___你只管向前，并且义无反顾刘诗诗.jpg','2024-04-06 00:14:45',NULL),(64,'遇见你，而后有悬崖','你只是从人海中来，又复归人海里去','遇见你，而后有悬崖___你只是从人海中来，又复归人海里去.jpg','2024-04-06 00:14:45',NULL),(65,'毋意，毋必，毋固，毋我','人活世间，有所为，有所不为。','毋意，毋必，毋固，毋我___人活世间，有所为，有所不为。.jpg','2024-04-06 00:14:45',NULL),(66,'偷得浮生半日闲','嘘，别说话，让我在快乐里躲一躲 ','偷得浮生半日闲___嘘，别说话，让我在快乐里躲一躲 .jpg','2024-04-06 00:14:45',NULL),(67,'天真自然的人们能够爱 ','像大自然，自然地度过一天','天真自然的人们能够爱 ___像大自然，自然地度过一天.jpg','2024-04-06 00:14:45',NULL),(68,'秋天，是胸口的蠢蠢然。','秋天短到没有，你我短到不能回头','秋天，是胸口的蠢蠢然。___秋天短到没有，你我短到不能回头.jpg','2024-04-06 00:14:45',NULL),(69,'望你珍摄，吻你万千','唯有你，我愿有来生','望你珍摄，吻你万千___唯有你，我愿有来生.jpg','2024-04-06 00:14:45',NULL),(70,'写一封信寄给今晚的梦','有些话，与其说给别人，不如写信寄与自己','写一封信寄给今晚的梦___有些话，与其说给别人，不如写信寄与自己.jpg','2024-04-06 00:14:45',NULL),(71,'去爱，去生活','仅此一次的人生，仅此一次的你 ','去爱，去生活___仅此一次的人生，仅此一次的你 .jpg','2024-04-06 00:14:45',NULL),(72,'春在千门万户中','愿人随春好，春与人宜','春在千门万户中___愿人随春好，春与人宜.jpg','2024-04-06 00:14:45',NULL),(73,'别后长相思，唯愿君安好','幸好思念无声，不然震耳欲聋','别后长相思，唯愿君安好___幸好思念无声，不然震耳欲聋.jpg','2024-04-06 00:14:45',NULL),(74,'需要时间，喜欢自己','现在就很好，不必等来日方长 ','需要时间，喜欢自己___现在就很好，不必等来日方长 .jpg','2024-04-06 00:14:45',NULL),(75,'父亲，我非常想念你。','我们爱着，更需要彼此懂得 ','父亲，我非常想念你。___我们爱着，更需要彼此懂得 .jpg','2024-04-06 00:14:45',NULL),(76,'给灵魂片刻自由','你我之间，会有全新的开始 ','给灵魂片刻自由___你我之间，会有全新的开始 .jpg','2024-04-06 00:14:45',NULL),(77,'爱这广袤的世界','放下遗憾，且以深情爱世间 ','爱这广袤的世界___放下遗憾，且以深情爱世间 .jpg','2024-04-06 00:14:45',NULL),(78,'盼雪，也盼你。','雪会不期而至，而你带笑地走向我 ','盼雪，也盼你。___雪会不期而至，而你带笑地走向我 .jpg','2024-04-06 00:14:45',NULL),(79,'我与清风明月，皆是过客','惟江上之清风，山间之明月，吾与子之所共适。','我与清风明月，皆是过客___惟江上之清风，山间之明月，吾与子之所共适。.jpg','2024-04-06 00:14:45',NULL),(80,'生活当真只是一场大梦吗','一边失去一边拥有，时而走近时而远去','生活当真只是一场大梦吗___一边失去一边拥有，时而走近时而远去.jpg','2024-04-06 00:14:45',NULL),(81,'我们什么也没说','再等一等吧，秋天要来了 ','我们什么也没说___再等一等吧，秋天要来了 .jpg','2024-04-06 00:14:45',NULL),(82,'嘘……','让我安静五分钟 ','嘘……___让我安静五分钟 .jpg','2024-04-06 00:14:45',NULL),(83,'你的美，总能被看见。','等一个，秋花一般的你','你的美，总能被看见。___等一个，秋花一般的你.jpg','2024-04-06 00:14:45',NULL),(84,'自由地生活，生活于自由','我孑然一身，又怎么样呢','自由地生活，生活于自由___我孑然一身，又怎么样呢.jpg','2024-04-06 00:14:45',NULL),(85,'每一个人都要学会离别。','在有限的陪伴里，给你无尽的爱','每一个人都要学会离别。___在有限的陪伴里，给你无尽的爱.jpg','2024-04-06 00:14:45',NULL),(86,'你不完美，所以你才特别','月亮只有一个，你也只有一个','你不完美，所以你才特别___月亮只有一个，你也只有一个.jpg','2024-04-06 00:14:45',NULL),(87,'我喜欢你笑起来的样子 ','五月的风，爱笑的你\n都是最好的','我喜欢你笑起来的样子 ___五月的风，爱笑的你\n都是最好的.jpg','2024-04-06 00:14:45',NULL),(88,'南国正清秋','错过了春夏，我们秋天见吧 ','南国正清秋___错过了春夏，我们秋天见吧 .jpg','2024-04-06 00:14:45',NULL),(89,'爱，很简单','岁月忽已晚，努力加餐饭 ','爱，很简单___岁月忽已晚，努力加餐饭 .jpg','2024-04-06 00:14:45',NULL),(90,'我们简单，依旧丰富。','从前的爱复杂动荡，如今只愿简单 ','我们简单，依旧丰富。___从前的爱复杂动荡，如今只愿简单 .jpg','2024-04-06 00:14:45',NULL),(91,'只想念，不纠结。','我不会再来找你，只会偶尔想念你','只想念，不纠结。___我不会再来找你，只会偶尔想念你.jpg','2024-04-06 00:14:45',NULL),(92,'灵魂生而有翼','我想过一种人生，充满无数可能 ','灵魂生而有翼___我想过一种人生，充满无数可能 .jpg','2024-04-06 00:14:45',NULL),(93,'为何李白如此爱黄河','有一瓢黄河水，一直住在我体内。','为何李白如此爱黄河___有一瓢黄河水，一直住在我体内。.jpg','2024-04-06 00:14:45',NULL),(94,'随着日子往前走','用自己喜欢的节奏，不紧不慢地生活 ','随着日子往前走___用自己喜欢的节奏，不紧不慢地生活 .jpg','2024-04-06 00:14:45',NULL),(95,'你好呀，我的生活','无论怎样古老的故事，最终\n也要回到生活中去','你好呀，我的生活___无论怎样古老的故事，最终\n也要回到生活中去.jpg','2024-04-06 00:14:45',NULL),(96,'你没有说，我也没有问','我们都不善言辞，连离别都悄无声息 ','你没有说，我也没有问___我们都不善言辞，连离别都悄无声息 .jpg','2024-04-06 00:14:45',NULL),(97,'秋日渐凉，拥抱要深。','世事浮云何足问，不如早睡且加餐 ','秋日渐凉，拥抱要深。___世事浮云何足问，不如早睡且加餐 .jpg','2024-04-06 00:14:45',NULL),(98,'人就像一粒种子','人生最重要的，是好好吃饭送别袁隆平先生','人就像一粒种子___人生最重要的，是好好吃饭送别袁隆平先生.jpg','2024-04-06 00:14:45',NULL),(99,'愿你前程远大','祝我们都好，不止夏天 ','愿你前程远大___祝我们都好，不止夏天 .jpg','2024-04-06 00:14:45',NULL),(100,'天冷了，拥抱吧。','秋深了，我的心里堆满落叶','天冷了，拥抱吧。___秋深了，我的心里堆满落叶.jpg','2024-04-06 00:14:45',NULL),(101,'谁不是爱得没有一点把握','物是人非，但我依然爱你 ','谁不是爱得没有一点把握___物是人非，但我依然爱你 .jpg','2024-04-06 00:14:45',NULL),(102,'周末愉快~','休息日，放松才是正经事','周末愉快~___休息日，放松才是正经事.jpg','2024-04-06 00:14:45',NULL),(103,'悠悠的晚钟轻轻飘散','徜徉在澄明之秋，幸福弥漫在晚风里 ','悠悠的晚钟轻轻飘散___徜徉在澄明之秋，幸福弥漫在晚风里 .jpg','2024-04-06 00:14:45',NULL),(104,'看古人如何赞美少年','追光的人，坦荡且明朗','看古人如何赞美少年___追光的人，坦荡且明朗.jpg','2024-04-06 00:14:45',NULL),(105,'别怕内卷，读书破万卷','书籍将会站在书架上，此乃真正的存在','别怕内卷，读书破万卷___书籍将会站在书架上，此乃真正的存在.jpg','2024-04-06 00:14:45',NULL),(106,'美丽是你的祝福','去生活,去犯错，去跌倒,去胜利','美丽是你的祝福___去生活,去犯错，去跌倒,去胜利.jpg','2024-04-06 00:14:45',NULL),(107,'这是我想要的美好人生','假如生活欺骗了你张艺兴','这是我想要的美好人生___假如生活欺骗了你张艺兴.jpg','2024-04-06 00:14:45',NULL),(108,'做生活的朋友','当你爱着生活，岁月也就温柔许多 ','做生活的朋友___当你爱着生活，岁月也就温柔许多 .jpg','2024-04-06 00:14:45',NULL),(109,'找回生活的快乐','累了就说累了，不要总说没事 ','找回生活的快乐___累了就说累了，不要总说没事 .jpg','2024-04-06 00:14:45',NULL),(110,'莫思身外，且醉花前','能够这样活着，多好 ','莫思身外，且醉花前___能够这样活着，多好 .jpg','2024-04-06 00:14:45',NULL),(111,'不用多说，我都明白','但见秋风起，令人思往事 ','不用多说，我都明白___但见秋风起，令人思往事 .jpg','2024-04-06 00:14:45',NULL),(112,'夏走了，你来了。','人生这一路，最难是忘记','夏走了，你来了。___人生这一路，最难是忘记.jpg','2024-04-06 00:14:45',NULL),(113,'你的夜晚，宁静迷人。','如期而至的夜晚，姗姗来迟的自己','你的夜晚，宁静迷人。___如期而至的夜晚，姗姗来迟的自己.jpg','2024-04-06 00:14:45',NULL),(114,'我的世界安静了下来','就坐着，写长长的信，看落叶纷飞','我的世界安静了下来___就坐着，写长长的信，看落叶纷飞.jpg','2024-04-06 00:14:45',NULL),(115,'青年就要活活泼泼的呀！','对世界保持心动，让我快乐','青年就要活活泼泼的呀！___对世界保持心动，让我快乐.jpg','2024-04-06 00:14:45',NULL),(116,'盈而未满，爱你正当时','爱你，不是今日限定，而是来日方长 ','盈而未满，爱你正当时___爱你，不是今日限定，而是来日方长 .jpg','2024-04-06 00:14:45',NULL),(117,'热烈地爱，深情地活','把普通的日子，过成想要的生活','热烈地爱，深情地活___把普通的日子，过成想要的生活.jpg','2024-04-06 00:14:45',NULL),(118,'冬天快乐','我们在一起，这样就很好 ','冬天快乐___我们在一起，这样就很好 .jpg','2024-04-06 00:14:45',NULL),(119,'我愿住进你的眼睛。','此刻我来了，你必须看见我 ','我愿住进你的眼睛。___此刻我来了，你必须看见我 .jpg','2024-04-06 00:14:45',NULL),(120,'有些路，你只能一个人走','你的步履，是我道路的完整。','有些路，你只能一个人走___你的步履，是我道路的完整。.jpg','2024-04-06 00:14:45',NULL),(121,'我要说的，海风代说了','我错过了你，但已不再感伤 ','我要说的，海风代说了___我错过了你，但已不再感伤 .jpg','2024-04-06 00:14:45',NULL),(122,'我们距离很近，关系很远','没有人会消失，我们都只跟在意的人联系 ','我们距离很近，关系很远___没有人会消失，我们都只跟在意的人联系 .jpg','2024-04-06 00:14:45',NULL),(123,'别忘了，要温柔，要快乐','温柔的时光啊，你会和夏天一起回来吗','别忘了，要温柔，要快乐___温柔的时光啊，你会和夏天一起回来吗.jpg','2024-04-06 00:14:45',NULL),(124,'所有坎坷，终成坦途 ','在深渊，也能仰望天空。','所有坎坷，终成坦途 ___在深渊，也能仰望天空。.jpg','2024-04-06 00:14:45',NULL),(125,'莫名想你，无关风月','我看见一朵云，在你头顶变形','莫名想你，无关风月___我看见一朵云，在你头顶变形.jpg','2024-04-06 00:14:45',NULL),(126,'忙，已经不是秋天的语言','别忙了，来跟我一起放轻松瞬间','忙，已经不是秋天的语言___别忙了，来跟我一起放轻松瞬间.jpg','2024-04-06 00:14:45',NULL),(127,'世界暗下时，你自有光。','我们未必非凡，但始终温柔有光 ','世界暗下时，你自有光。___我们未必非凡，但始终温柔有光 .jpg','2024-04-06 00:14:45',NULL),(128,'千思万想，纸短情长','幸有所爱，不畏山海 Love Radio','千思万想，纸短情长___幸有所爱，不畏山海 Love Radio.jpg','2024-04-06 00:14:45',NULL),(129,'明天又是新的一天','你今天过得怎么样？ ','明天又是新的一天___你今天过得怎么样？ .jpg','2024-04-06 00:14:45',NULL),(130,'天涯共此时','阴晴圆缺都休说，且喜人间好时节 ','天涯共此时___阴晴圆缺都休说，且喜人间好时节 .jpg','2024-04-06 00:14:45',NULL),(131,'愿相会于中华腾飞世界时','只是提起你，就觉得温暖和自豪','愿相会于中华腾飞世界时___只是提起你，就觉得温暖和自豪.jpg','2024-04-06 00:14:45',NULL),(132,'你曾是我们世上的盐','在无梦之所，我梦到你 ','你曾是我们世上的盐___在无梦之所，我梦到你 .jpg','2024-04-06 00:14:45',NULL),(133,'诗酒趁年华 ','获得是一种满足，给予更是一种快乐。','诗酒趁年华 ___获得是一种满足，给予更是一种快乐。.jpg','2024-04-06 00:14:45',NULL),(134,'我们为什么读诗？','今人不见古时月，今月曾经照古人 ','我们为什么读诗？___今人不见古时月，今月曾经照古人 .jpg','2024-04-06 00:14:45',NULL),(135,'消逝的，终将自梦中归来','在梦里空出一隅，待你长住','消逝的，终将自梦中归来___在梦里空出一隅，待你长住.jpg','2024-04-06 00:14:45',NULL),(136,'自我，不能失去。','我活得是自己，独立又自由 ','自我，不能失去。___我活得是自己，独立又自由 .jpg','2024-04-06 00:14:45',NULL),(137,'匆匆一夏','夏天是一种感觉，感觉到风，感觉到你 ','匆匆一夏___夏天是一种感觉，感觉到风，感觉到你 .jpg','2024-04-06 00:14:45',NULL),(138,'夏天快乐','生活就是这样，一半欢笑，一半感伤 ','夏天快乐___生活就是这样，一半欢笑，一半感伤 .jpg','2024-04-06 00:14:45',NULL),(139,'值得期待的，总是在前方','等这些日子过去，一切会好起来吧 ','值得期待的，总是在前方___等这些日子过去，一切会好起来吧 .jpg','2024-04-06 00:14:45',NULL),(140,'我对这土地爱得深沉','没有人会忘记母亲，我们都贪恋祖国。','我对这土地爱得深沉___没有人会忘记母亲，我们都贪恋祖国。.jpg','2024-04-06 00:14:45',NULL),(141,'做人真是好难呐\n有多难啊','人间是一片雪地，我们是其中的落雀','做人真是好难呐\n有多难啊___人间是一片雪地，我们是其中的落雀.jpg','2024-04-06 00:14:45',NULL),(142,'光阴缓缓，寂静欢喜海清','在时光里，自我舒展，慢慢成长','光阴缓缓，寂静欢喜海清___在时光里，自我舒展，慢慢成长.jpg','2024-04-06 00:14:45',NULL),(143,'你是即将来到的日子。','所有值得拥有的，都值得等待 ','你是即将来到的日子。___所有值得拥有的，都值得等待 .jpg','2024-04-06 00:14:45',NULL),(144,'他日得志，当吃饱饭便睡','大冬天睡个懒觉，不过分吧。','他日得志，当吃饱饭便睡___大冬天睡个懒觉，不过分吧。.jpg','2024-04-06 00:14:45',NULL),(145,'去接纳每一个新的自己。','愿你永远清澈如初，正当少年 ','去接纳每一个新的自己。___愿你永远清澈如初，正当少年 .jpg','2024-04-06 00:14:45',NULL),(146,'愿做桂林人，不愿做神仙','渴望有烟火的桃源，做闲适自在的散仙','愿做桂林人，不愿做神仙___渴望有烟火的桃源，做闲适自在的散仙.jpg','2024-04-06 00:14:45',NULL),(147,'始于初见，止于终老','但惜夏日短，来日更方长Love Radio','始于初见，止于终老___但惜夏日短，来日更方长Love Radio.jpg','2024-04-06 00:14:45',NULL),(148,'很久没见，别来无恙 ','相见的日子不多，望你珍重','很久没见，别来无恙 ___相见的日子不多，望你珍重.jpg','2024-04-06 00:14:45',NULL),(149,'冬有美好的回忆一把','尔滨呐，冬日果然很可爱','冬有美好的回忆一把___尔滨呐，冬日果然很可爱.jpg','2024-04-06 00:14:45',NULL),(150,'因学会体谅而变得温顺','晚秋去散步，我愿意和另一个我多待些时间','因学会体谅而变得温顺___晚秋去散步，我愿意和另一个我多待些时间.jpg','2024-04-06 00:14:45',NULL),(151,'古人的爱情誓言有多绝','古人的告白，到底有多浪漫','古人的爱情誓言有多绝___古人的告白，到底有多浪漫.jpg','2024-04-06 00:14:45',NULL),(152,'谢谢你，很幸运遇见你！','致谢夜晚准时降临，让遥远的星星重新返回人间','谢谢你，很幸运遇见你！___致谢夜晚准时降临，让遥远的星星重新返回人间.jpg','2024-04-06 00:14:45',NULL),(153,'这样幸福，宛如重生 ','看，现在，我将开始新的一天','这样幸福，宛如重生 ___看，现在，我将开始新的一天.jpg','2024-04-06 00:14:45',NULL),(154,'我曾竭尽全力去爱过。','不觉已过了好多年，还是容易想起你 ','我曾竭尽全力去爱过。___不觉已过了好多年，还是容易想起你 .jpg','2024-04-06 00:14:45',NULL),(155,'无忧无虑，闪闪发光','像孩子一样自在单纯，去生活，去爱 ','无忧无虑，闪闪发光___像孩子一样自在单纯，去生活，去爱 .jpg','2024-04-06 00:14:45',NULL),(156,'大城小事','想去一个喜欢的城市，慢慢生活 ','大城小事___想去一个喜欢的城市，慢慢生活 .jpg','2024-04-06 00:14:45',NULL),(157,'这个夏天，有你们真好','人生不设限，请做自己的冠军吧','这个夏天，有你们真好___人生不设限，请做自己的冠军吧.jpg','2024-04-06 00:14:45',NULL),(158,'祝你平凡，祝你花期漫长','我们多数人，注定要在平凡中，寻找活着的意义。','祝你平凡，祝你花期漫长___我们多数人，注定要在平凡中，寻找活着的意义。.jpg','2024-04-06 00:14:45',NULL),(159,'哼，算了吧。','可能我在发疯，但是感觉良好啊','哼，算了吧。___可能我在发疯，但是感觉良好啊.jpg','2024-04-06 00:14:45',NULL),(160,'暂时，你还需要忍受一下','把悲伤省下来，留点力气给更好的未来 ','暂时，你还需要忍受一下___把悲伤省下来，留点力气给更好的未来 .jpg','2024-04-06 00:14:45',NULL),(161,'人生海海，撑稳自己的伞','若不是因为爱着你，怎会不经意间就叹息','人生海海，撑稳自己的伞___若不是因为爱着你，怎会不经意间就叹息.jpg','2024-04-06 00:14:45',NULL),(162,'故乡，写在心里的坐标。','读起就念起，记忆中明亮的你','故乡，写在心里的坐标。___读起就念起，记忆中明亮的你.jpg','2024-04-06 00:14:45',NULL),(163,'用诗意，擦拭心上的尘埃','一个人走一走，也有意想不到的邂逅 ','用诗意，擦拭心上的尘埃___一个人走一走，也有意想不到的邂逅 .jpg','2024-04-06 00:14:45',NULL),(164,'愿你我有远大梦想。','梦并非遥不可及，爱并非一时兴起 ','愿你我有远大梦想。___梦并非遥不可及，爱并非一时兴起 .jpg','2024-04-06 00:14:45',NULL),(165,'只有河流知道','河面的微光，像你那晚对我说过的话 ','只有河流知道___河面的微光，像你那晚对我说过的话 .jpg','2024-04-06 00:14:45',NULL),(166,'去爱，去相信','我也愿意相信天色温柔，日子会很好 ','去爱，去相信___我也愿意相信天色温柔，日子会很好 .jpg','2024-04-06 00:14:45',NULL),(167,'与其畏惧，不如虔敬。','我是我的道路，通往幸福和未来 ','与其畏惧，不如虔敬。___我是我的道路，通往幸福和未来 .jpg','2024-04-06 00:14:45',NULL),(168,'因为天气好','整个夏天，我都想这样自在地度过 ','因为天气好___整个夏天，我都想这样自在地度过 .jpg','2024-04-06 00:14:45',NULL),(169,'多好啊\n时间你别动','在秋天，幸福得像一棵树','多好啊\n时间你别动___在秋天，幸福得像一棵树.jpg','2024-04-06 00:14:45',NULL),(170,'一眼见你，万物不及','变成一朵云，为你飘荡成雨','一眼见你，万物不及___变成一朵云，为你飘荡成雨.jpg','2024-04-06 00:14:45',NULL),(171,'听，寂静正向我们赶来。','就这样不说话，让我们成为我们 ','听，寂静正向我们赶来。___就这样不说话，让我们成为我们 .jpg','2024-04-06 00:14:45',NULL),(172,'深情地活，慢慢地走。','风慢慢吹，我慢慢忘记你','深情地活，慢慢地走。___风慢慢吹，我慢慢忘记你.jpg','2024-04-06 00:14:45',NULL),(173,'爱，是走向有你的地方。','爱情就是这样，一边破碎，一边弥合','爱，是走向有你的地方。___爱情就是这样，一边破碎，一边弥合.jpg','2024-04-06 00:14:45',NULL),(174,'自己都不爱，怎么相爱','人生短短几个秋，自己快乐才最重要 ','自己都不爱，怎么相爱___人生短短几个秋，自己快乐才最重要 .jpg','2024-04-06 00:14:45',NULL),(175,'耐他风雪耐他寒','一世多艰，寸心如水 ','耐他风雪耐他寒___一世多艰，寸心如水 .jpg','2024-04-06 00:14:45',NULL),(176,'宝贝，宝贝','既然记忆留不下，何不让时光停驻？','宝贝，宝贝___既然记忆留不下，何不让时光停驻？.jpg','2024-04-06 00:14:45',NULL),(177,'谁知林栖者，闻风坐相悦','月亮出来了，一起听风吧 ','谁知林栖者，闻风坐相悦___月亮出来了，一起听风吧 .jpg','2024-04-06 00:14:45',NULL),(178,'虽有千万人，吾亦往矣','但愿历经千帆，终能得偿所愿 ','虽有千万人，吾亦往矣___但愿历经千帆，终能得偿所愿 .jpg','2024-04-06 00:14:45',NULL),(179,'勇敢的人先享受世界','人间一趟，不妨大胆一点','勇敢的人先享受世界___人间一趟，不妨大胆一点.jpg','2024-04-06 00:14:45',NULL),(180,'冬有回忆一把','只闻花香，不谈悲喜 ','冬有回忆一把___只闻花香，不谈悲喜 .jpg','2024-04-06 00:14:45',NULL),(181,'来，踩着地球仪曼波','旅行，到另一颗心栖息的地方','来，踩着地球仪曼波___旅行，到另一颗心栖息的地方.jpg','2024-04-06 00:14:45',NULL),(182,'一个人，也挺好 ','今夜，我们不谈爱情','一个人，也挺好 ___今夜，我们不谈爱情.jpg','2024-04-06 00:14:45',NULL),(183,'莽莽苍苍，人间行过。','你要去见见山川，会一会陌生的人','莽莽苍苍，人间行过。___你要去见见山川，会一会陌生的人.jpg','2024-04-06 00:14:45',NULL),(184,'叶落惊秋','人间忽晚，山河已秋 ','叶落惊秋___人间忽晚，山河已秋 .jpg','2024-04-06 00:14:45',NULL),(185,'宽裕、富足、从容','手有余钱，行有余力','宽裕、富足、从容___手有余钱，行有余力.jpg','2024-04-06 00:14:45',NULL),(186,'山海皆可平，难平是人心','后来，我们变成爱了很久的朋友','山海皆可平，难平是人心___后来，我们变成爱了很久的朋友.jpg','2024-04-06 00:14:45',NULL),(187,'到了冬天，心就开始跳跃','想高声大喊，过清洁又健壮的生活','到了冬天，心就开始跳跃___想高声大喊，过清洁又健壮的生活.jpg','2024-04-06 00:14:45',NULL),(188,'永远在路上','人就是在漫长的旅途里，寻找各自的光 ','永远在路上___人就是在漫长的旅途里，寻找各自的光 .jpg','2024-04-06 00:14:45',NULL),(189,'此心光明，人生才会光明','越是慌乱时，越是修心时。','此心光明，人生才会光明___越是慌乱时，越是修心时。.jpg','2024-04-06 00:14:45',NULL),(190,'天气很好，你也要很好。','春天正来临，你也还好吗','天气很好，你也要很好。___春天正来临，你也还好吗.jpg','2024-04-06 00:14:45',NULL),(191,'感觉到风，感觉到你','天色如此温柔，不如一起散步 ','感觉到风，感觉到你___天色如此温柔，不如一起散步 .jpg','2024-04-06 00:14:45',NULL),(192,'我的心，是一个谜语。','今夜，与自己的心交谈吧','我的心，是一个谜语。___今夜，与自己的心交谈吧.jpg','2024-04-06 00:14:45',NULL),(193,'致今天也闪耀的你','两个人很好，一个人也自在 ','致今天也闪耀的你___两个人很好，一个人也自在 .jpg','2024-04-06 00:14:45',NULL),(194,'今天的我，把你喜欢过了','再见了，我要去奔赴明天。','今天的我，把你喜欢过了___再见了，我要去奔赴明天。.jpg','2024-04-06 00:14:45',NULL),(195,'靠近你，变成你。','我的每一次努力，都是为了靠近你','靠近你，变成你。___我的每一次努力，都是为了靠近你.jpg','2024-04-06 00:14:45',NULL),(196,'轻舟过万山，自己说了算','春天来了，别烂在过去和梦里。','轻舟过万山，自己说了算___春天来了，别烂在过去和梦里。.jpg','2024-04-06 00:14:45',NULL),(197,'变老的时候，一定要变好','时光匆匆，认真地年轻，认真地老去','变老的时候，一定要变好___时光匆匆，认真地年轻，认真地老去.jpg','2024-04-06 00:14:45',NULL),(198,'寻常生活寻常过','人生倏忽间，莫辜负茶、汤、好天气 ','寻常生活寻常过___人生倏忽间，莫辜负茶、汤、好天气 .jpg','2024-04-06 00:14:45',NULL),(199,'故岁今宵尽，新年明日来','有龙则灵，有你更行，愿新年胜旧年','故岁今宵尽，新年明日来___有龙则灵，有你更行，愿新年胜旧年.jpg','2024-04-06 00:14:45',NULL),(200,'人生如逆旅，我亦是行人','谁说我们必须老去，必须分离 ','人生如逆旅，我亦是行人___谁说我们必须老去，必须分离 .jpg','2024-04-06 00:14:45',NULL),(201,'秋风带寒','只觉天渐凉，不觉已深秋 ','秋风带寒___只觉天渐凉，不觉已深秋 .jpg','2024-04-06 00:14:45',NULL),(202,'发现自己的内在力量','她内心柔软，却自有力量 ','发现自己的内在力量___她内心柔软，却自有力量 .jpg','2024-04-06 00:14:45',NULL),(203,'心之所向，即为光芒 ','愿我们心有所持，纯粹明亮。','心之所向，即为光芒 ___愿我们心有所持，纯粹明亮。.jpg','2024-04-06 00:14:45',NULL),(204,'独上高楼，望尽天涯路','我想走慢一点，但是走远一点 ','独上高楼，望尽天涯路___我想走慢一点，但是走远一点 .jpg','2024-04-06 00:14:45',NULL),(205,'苏轼有一颗强大的心。','谁怕？一蓑烟雨任平生','苏轼有一颗强大的心。___谁怕？一蓑烟雨任平生.jpg','2024-04-06 00:14:45',NULL),(206,'流年不负，岁月可期。','过去不会过去，你也未曾离去 ','流年不负，岁月可期。___过去不会过去，你也未曾离去 .jpg','2024-04-06 00:14:45',NULL),(207,'于一切眼中看见无所有','只愿每次回忆，对生活都不感到负疚 ','于一切眼中看见无所有___只愿每次回忆，对生活都不感到负疚 .jpg','2024-04-06 00:14:45',NULL),(208,'去寻找，去发现','做喜欢的事，过有趣的生活 ','去寻找，去发现___做喜欢的事，过有趣的生活 .jpg','2024-04-06 00:14:45',NULL),(209,'袭我春服，薄言东郊','干自己喜欢的事，爱自己喜欢的人 ','袭我春服，薄言东郊___干自己喜欢的事，爱自己喜欢的人 .jpg','2024-04-06 00:14:45',NULL),(210,'且喜无拘无碍','人生匆匆如流水，想来浮生似一梦 ','且喜无拘无碍___人生匆匆如流水，想来浮生似一梦 .jpg','2024-04-06 00:14:45',NULL),(211,'俱道适往，着手成春','新的一年，如逢花开','俱道适往，着手成春___新的一年，如逢花开.jpg','2024-04-06 00:14:45',NULL),(212,'我要一秒一秒地爱你','深情不及久伴，厚爱无须多言 ','我要一秒一秒地爱你___深情不及久伴，厚爱无须多言 .jpg','2024-04-06 00:14:45',NULL),(213,'不必追究，何须说破','澄明糊涂皆有时，或许这样我们可以更快乐','不必追究，何须说破___澄明糊涂皆有时，或许这样我们可以更快乐.jpg','2024-04-06 00:14:45',NULL),(214,'今夜好梦','祝你晚安 ','今夜好梦___祝你晚安 .jpg','2024-04-06 00:14:45',NULL),(215,'种新的花，忘旧的人','孤独是你长久的朋友，爱只会偶尔来敲门','种新的花，忘旧的人___孤独是你长久的朋友，爱只会偶尔来敲门.jpg','2024-04-06 00:14:45',NULL),(216,'多么幸运的遇见','我们相逢在此，弥足珍贵 ','多么幸运的遇见___我们相逢在此，弥足珍贵 .jpg','2024-04-06 00:14:45',NULL),(217,'与其惜别，不如惜聚 ','像暴风雨之于花儿，只有分别才是人生。','与其惜别，不如惜聚 ___像暴风雨之于花儿，只有分别才是人生。.jpg','2024-04-06 00:14:45',NULL),(218,'生命短暂，珍惜身边人','我们总在期待，又时刻怀念 ','生命短暂，珍惜身边人___我们总在期待，又时刻怀念 .jpg','2024-04-06 00:14:45',NULL),(219,'我们今生今世再不会分离','能珍惜时别分心，能相爱时别辜负 ','我们今生今世再不会分离___能珍惜时别分心，能相爱时别辜负 .jpg','2024-04-06 00:14:45',NULL),(220,'走到光明里去','活在光明里的人，不会有失败的人生','走到光明里去___活在光明里的人，不会有失败的人生.jpg','2024-04-06 00:14:45',NULL),(221,'生命是一万次的春和景明','越是寒冷，越要做些晴朗的事','生命是一万次的春和景明___越是寒冷，越要做些晴朗的事.jpg','2024-04-06 00:14:45',NULL),(222,'等等，让我飘一会儿','没关系，是心动啊 ','等等，让我飘一会儿___没关系，是心动啊 .jpg','2024-04-06 00:14:45',NULL),(223,'八月：拨开云雾见月明','打开自我，一切皆可释怀','八月：拨开云雾见月明___打开自我，一切皆可释怀.jpg','2024-04-06 00:41:56','八月'),(224,'九月：凉风有信，百事从欢 ','新的一天，你值得更好的相遇与开始','九月：凉风有信，百事从欢 ___新的一天，你值得更好的相遇与开始.jpg','2024-04-06 00:41:56','九月'),(225,'七月：往事已过，万事可期 ','有何胜利可言？挺住就是一切','七月：往事已过，万事可期 ___有何胜利可言？挺住就是一切.jpg','2024-04-06 00:41:56','七月'),(226,'五月：耕耘自己，步履不停 ','时刻耕耘自我，才会厚积薄发','五月：耕耘自己，步履不停 ___时刻耕耘自我，才会厚积薄发.jpg','2024-04-06 00:41:56','五月'),(227,'十二月：生活明朗，好日常在','生活明朗，我们会在人生的更高处相逢','十二月：生活明朗，好日常在___生活明朗，我们会在人生的更高处相逢.jpg','2024-04-06 00:41:56','十二月'),(228,'十月：秋色连波，好事成双','一年好景君须记，最是橙黄橘绿时','十月：秋色连波，好事成双___一年好景君须记，最是橙黄橘绿时.jpg','2024-04-06 00:41:56','十月'),(229,'十一月：原来，道别是一件难事','转眼，秋天成了风景里的故事‍','十一月：原来，道别是一件难事___转眼，秋天成了风景里的故事‍.jpg','2024-04-06 00:41:56','十一月'),(230,'五月：今天比昨天好，就是希望李素丽','你并不孤单','五月：今天比昨天好，就是希望李素丽___你并不孤单.jpg','2024-04-06 00:41:56','五月'),(231,'十一月： 人间烟火又一秋，及时拥有眼前人','所有失去的，都会以另一种方式拥有','十一月： 人间烟火又一秋，及时拥有眼前人___所有失去的，都会以另一种方式拥有.jpg','2024-04-06 00:41:56','十一月'),(232,'九月：等一个回应，许我一场秋 ','相比等待他人的回应，我们更需要回应自己。','九月：等一个回应，许我一场秋 ___相比等待他人的回应，我们更需要回应自己。.jpg','2024-04-06 00:41:56','九月'),(233,'十月：秋高气爽，开启精神退休模式','会挣钱更会享受生活','十月：秋高气爽，开启精神退休模式___会挣钱更会享受生活.jpg','2024-04-06 00:41:56','十月'),(234,'八月：撑伞的日子，也要平安顺利','但愿以后的雨天，你都会有一把雨伞','八月：撑伞的日子，也要平安顺利___但愿以后的雨天，你都会有一把雨伞.jpg','2024-04-06 00:41:56','八月'),(235,'二月：祝你万象生春，生活吉吉利利','休将旧事从头说，且喜新年入手来。','二月：祝你万象生春，生活吉吉利利___休将旧事从头说，且喜新年入手来。.jpg','2024-04-06 00:41:56','二月'),(236,'十二月：年末的生活，明媚一些吧','不管怎样，明天又是新的一天','十二月：年末的生活，明媚一些吧___不管怎样，明天又是新的一天.jpg','2024-04-06 00:41:56','十二月'),(237,'十月：十梦九有你，假期会相遇','天气微凉，沉浸在假期的心却是热的','十月：十梦九有你，假期会相遇___天气微凉，沉浸在假期的心却是热的.jpg','2024-04-06 00:41:56','十月'),(238,'九月：秋天总是好的，不要辜负了它','长夏悄去，祝我们好在秋天。','九月：秋天总是好的，不要辜负了它___长夏悄去，祝我们好在秋天。.jpg','2024-04-06 00:41:56','九月'),(239,'七月：红船破浪，生如夏花','只生欢喜不生愁','七月：红船破浪，生如夏花___只生欢喜不生愁.jpg','2024-04-06 00:41:56','七月'),(240,'六月：不念过往，不惧前方 ','过去不回头，眼前不将就','六月：不念过往，不惧前方 ___过去不回头，眼前不将就.jpg','2024-04-06 00:41:56','六月'),(241,'三月：万物都可以在春天复苏，我们也不例外','春天，我有一种放飞自我的愿望……','三月：万物都可以在春天复苏，我们也不例外___春天，我有一种放飞自我的愿望…….jpg','2024-04-06 00:41:56','三月'),(242,'八月：夏秋之际，一切尽意','告别夏日的八月，生活会渐入佳境','八月：夏秋之际，一切尽意___告别夏日的八月，生活会渐入佳境.jpg','2024-04-06 00:41:56','八月'),(253,'大暑：心思虚闲，世界清净','一霎荷塘过雨，明朝便是秋声','大暑：心思虚闲，世界清净___一霎荷塘过雨，明朝便是秋声.jpg','2024-04-06 00:59:53','大暑'),(254,'跟有情人，做快乐事立夏','以柔驯欢悦的态度去行走','跟有情人，做快乐事立夏___以柔驯欢悦的态度去行走.jpg','2024-04-06 00:59:53','立夏'),(255,'秋日，散步诗意石景山。','白露：金风起，落叶黄，渐知秋日美','白露：金风起，落叶黄，渐知秋日美___秋日，散步诗意石景山。.jpg','2024-04-06 00:59:53','白露'),(256,'雪似故人人似雪，虽可爱，有人嫌。','大雪：爱你的人会说，你像雪花一样可爱','大雪：爱你的人会说，你像雪花一样可爱___雪似故人人似雪，虽可爱，有人嫌。.jpg','2024-04-06 00:59:53','大雪'),(257,'寒绝逼春来','大寒：越过苦难向春山','大寒：越过苦难向春山___寒绝逼春来.jpg','2024-04-06 00:59:53','大寒'),(258,'秋分：何事最相宜，宜游宜从容','安坐在石景山的秋天里，感到从容。','秋分：何事最相宜，宜游宜从容___安坐在石景山的秋天里，感到从容。.jpg','2024-04-06 00:59:53','秋分'),(259,'一到立春，总是暖的','立春：会有新的花朵，新的温暖日子','立春：会有新的花朵，新的温暖日子___一到立春，总是暖的.jpg','2024-04-06 00:59:53','立春'),(260,'萧疏桐叶上，月白露初团。','寒露：我们一同等待月亮清凉的吻','寒露：我们一同等待月亮清凉的吻___萧疏桐叶上，月白露初团。.jpg','2024-04-06 00:59:53','寒露'),(261,'月亮总不会被太阳遗弃','此时最深的渴望，是在这一刻安居大暑','此时最深的渴望，是在这一刻安居大暑___月亮总不会被太阳遗弃.jpg','2024-04-06 00:59:53','大暑'),(262,'秋分，昼夜均而寒暑平','秋分：心无挂碍，平衡至美瞬间','秋分：心无挂碍，平衡至美瞬间___秋分，昼夜均而寒暑平.jpg','2024-04-06 00:59:53','秋分'),(263,'忙不是茫，是因爱而忙芒种','忙，是每一次小小的播种。','忙不是茫，是因爱而忙芒种___忙，是每一次小小的播种。.jpg','2024-04-06 00:59:53','芒种'),(264,'树凋窗有日，池满水无声','立秋：秋日如诗，沉静无声','立秋：秋日如诗，沉静无声___树凋窗有日，池满水无声.jpg','2024-04-06 00:59:53','立秋'),(265,'中秋，重逢之心，胜却人间无数','思发花前，踏月而归我在临汾为你读诗','思发花前，踏月而归我在临汾为你读诗___中秋，重逢之心，胜却人间无数.jpg','2024-04-06 00:59:53','中秋'),(266,'我在万物寂静中，等你到来','一枝参透乾坤缊，生意都从小雪来','我在万物寂静中，等你到来___一枝参透乾坤缊，生意都从小雪来.jpg','2024-04-06 00:59:53','小雪'),(267,'就当那皱纹是我想念的涟漪','还在等一场大雪，堆一个失去多年的人','还在等一场大雪，堆一个失去多年的人___就当那皱纹是我想念的涟漪.jpg','2024-04-06 00:59:53','大雪'),(268,'云天收夏色，木叶动秋声。','立秋：朗景清风，否极泰来瞬间','立秋：朗景清风，否极泰来瞬间___云天收夏色，木叶动秋声。.jpg','2024-04-06 00:59:53','立秋'),(269,'多行善事，百福自集','大年初一：乐只君子，福履绥之','大年初一：乐只君子，福履绥之___多行善事，百福自集.jpg','2024-04-06 00:59:53','大年初一'),(270,'生命在此时有一种清亮的美','淡云辞夏，处暑新凉迎秋瞬间','淡云辞夏，处暑新凉迎秋瞬间___生命在此时有一种清亮的美.jpg','2024-04-06 00:59:53','处暑'),(271,'好雨知时节，当春乃发生','雨水：春水初生，春林初盛','雨水：春水初生，春林初盛___好雨知时节，当春乃发生.jpg','2024-04-06 00:59:53','雨水'),(272,'你说端午安康，我说每天都安乐 ','五月五，是端阳。门插艾，香满堂。','你说端午安康，我说每天都安乐 ___五月五，是端阳。门插艾，香满堂。.jpg','2024-04-06 00:59:53','端午'),(273,'不寒不暖晴时节','随心所向，巴适！ 小满','随心所向，巴适！ 小满___不寒不暖晴时节.jpg','2024-04-06 00:59:53','小满'),(274,'立冬可爱，随处欣然','冬者，终也，万物于是终也。','立冬可爱，随处欣然___冬者，终也，万物于是终也。.jpg','2024-04-06 00:59:53','立冬'),(275,'从今天起，做一个焕然如新的人','冬至，为报方袍客，丰年瑞已成','从今天起，做一个焕然如新的人___冬至，为报方袍客，丰年瑞已成.jpg','2024-04-06 00:59:53','冬至'),(276,'深深地领会，静静地收获','留一方静所，共度平淡与喜乐小暑','留一方静所，共度平淡与喜乐小暑___深深地领会，静静地收获.jpg','2024-04-06 00:59:53','小暑'),(277,'秋深山有骨，霜降水无痕','霜降：天上繁霜降，人间秋色深','霜降：天上繁霜降，人间秋色深___秋深山有骨，霜降水无痕.jpg','2024-04-06 00:59:53','霜降'),(278,'人生永远柳暗花明','小寒，莫怪严凝切，春冬正月交','人生永远柳暗花明___小寒，莫怪严凝切，春冬正月交.jpg','2024-04-06 00:59:53','小寒'),(279,'温柔有原则，凌厉有温度','离离暑云散，袅袅凉风起处暑 ','离离暑云散，袅袅凉风起处暑 ___温柔有原则，凌厉有温度.jpg','2024-04-06 00:59:53','处暑'),(280,'你最珍贵','不如珍重当下事，不如怜取眼前人谷雨','不如珍重当下事，不如怜取眼前人谷雨___你最珍贵.jpg','2024-04-06 00:59:53','谷雨'),(281,'有爱者更甜蜜，无爱者更洒落','七夕：愿有爱者有爱，无爱者自由','七夕：愿有爱者有爱，无爱者自由___有爱者更甜蜜，无爱者更洒落.jpg','2024-04-06 00:59:53','七夕'),(282,'相思相见知何日，初雪飘然问冬安','立冬：冬日天寒，待你用雪来款待我 ','立冬：冬日天寒，待你用雪来款待我 ___相思相见知何日，初雪飘然问冬安.jpg','2024-04-06 00:59:53','立冬'),(283,'不祝你成熟，只愿你幸福','忽有幸福心上过，回首大雪已纷纷 ','忽有幸福心上过，回首大雪已纷纷 ___不祝你成熟，只愿你幸福.jpg','2024-04-06 00:59:53','大雪'),(284,'青柳在窗前，故人在心间清明','万物生长此时，皆清洁而明净，故谓之清明。','青柳在窗前，故人在心间清明___万物生长此时，皆清洁而明净，故谓之清明。.jpg','2024-04-06 00:59:53','清明'),(285,'盼风枝静，日报平安。','平安二字，多少深长大暑','平安二字，多少深长大暑___盼风枝静，日报平安。.jpg','2024-04-06 00:59:53','大暑'),(286,'一晴方觉夏深','若在雨中，也愿你有听雨的心夏至','若在雨中，也愿你有听雨的心夏至___一晴方觉夏深.jpg','2024-04-06 00:59:53','夏至'),(288,'测试标题','我想我会一直很爱你 ','测试标题___我想我会一直很爱你.jpg','2024-04-07 22:11:27',NULL);
/*!40000 ALTER TABLE `epaper_original` ENABLE KEYS */;
UNLOCK TABLES;

--
-- Table structure for table `epaper_pic`
--

DROP TABLE IF EXISTS `epaper_pic`;
/*!40101 SET @saved_cs_client     = @@character_set_client */;
/*!50503 SET character_set_client = utf8mb4 */;
CREATE TABLE `epaper_pic` (
  `epaper_uid` int NOT NULL AUTO_INCREMENT COMMENT '标号',
  `user_id` bigint NOT NULL COMMENT '用户Id',
  `epaper_original_id` int DEFAULT NULL,
  `date` datetime DEFAULT NULL COMMENT '日期',
  `file` varchar(100) DEFAULT NULL COMMENT '文件名称',
  `update_time` datetime NOT NULL COMMENT '更新时间',
  `magic` varchar(10) DEFAULT NULL COMMENT '魔法数字',
  PRIMARY KEY (`epaper_uid`)
) ENGINE=InnoDB AUTO_INCREMENT=18 DEFAULT CHARSET=utf8mb4 COLLATE=utf8mb4_0900_ai_ci COMMENT='电子日历管理';
/*!40101 SET character_set_client = @saved_cs_client */;

--
-- Dumping data for table `epaper_pic`
--

LOCK TABLES `epaper_pic` WRITE;
/*!40000 ALTER TABLE `epaper_pic` DISABLE KEYS */;
INSERT INTO `epaper_pic` VALUES (6,0,30,'2024-04-10 00:00:00','20240410.png','2024-04-12 22:50:32',NULL),(9,0,55,'2024-04-05 00:00:00','20240427.png','2024-04-12 23:01:28',NULL),(10,16,53,'2024-04-10 00:00:00','20240410.png','2024-04-12 23:05:12',NULL),(11,0,35,'2024-04-15 00:00:00','20240415.png','2024-04-14 20:08:05',NULL),(13,16,33,'2024-04-16 00:00:00','20240416.png','2024-04-14 20:11:10',NULL),(14,16,50,'2024-04-25 00:00:00','20240425.png','2024-04-25 16:05:02',NULL),(15,0,82,'2024-04-25 00:00:00','20240425.png','2024-04-25 16:05:02',NULL),(16,16,28,'2024-06-21 00:00:00',NULL,'2024-06-20 22:47:32',NULL),(17,16,30,'2024-06-20 00:00:00','20240620.png','2024-06-20 23:21:01','0620');
/*!40000 ALTER TABLE `epaper_pic` ENABLE KEYS */;
UNLOCK TABLES;

--
-- Table structure for table `epaper_user_setting`
--

DROP TABLE IF EXISTS `epaper_user_setting`;
/*!40101 SET @saved_cs_client     = @@character_set_client */;
/*!50503 SET character_set_client = utf8mb4 */;
CREATE TABLE `epaper_user_setting` (
  `epaper_uid` int NOT NULL AUTO_INCREMENT,
  `wifi_ssid` varchar(100) DEFAULT NULL COMMENT 'wifi_ssid，不知道有没有用，先设计再说',
  `wifi_password` varchar(100) DEFAULT NULL COMMENT 'wifi密码',
  `ums_user_id` bigint NOT NULL,
  `urban` varchar(50) DEFAULT NULL COMMENT '对应标号',
  `update_time` datetime DEFAULT NULL,
  `deletee` tinyint(1) DEFAULT '0' COMMENT '是否关闭',
  `heartbeat_time` datetime DEFAULT NULL,
  `ip` varchar(20) DEFAULT NULL,
  PRIMARY KEY (`epaper_uid`)
) ENGINE=InnoDB AUTO_INCREMENT=5 DEFAULT CHARSET=utf8mb4 COLLATE=utf8mb4_0900_ai_ci COMMENT='用户设置';
/*!40101 SET character_set_client = @saved_cs_client */;

--
-- Dumping data for table `epaper_user_setting`
--

LOCK TABLES `epaper_user_setting` WRITE;
/*!40000 ALTER TABLE `epaper_user_setting` DISABLE KEYS */;
INSERT INTO `epaper_user_setting` VALUES (1,'707','79797997',16,'101280101','2024-04-06 23:49:11',0,NULL,NULL),(3,'23','23232323',1,'101280101','2024-04-25 15:55:36',0,NULL,NULL),(4,'508','508508508',18,'101280101','2024-06-20 22:33:15',0,NULL,NULL);
/*!40000 ALTER TABLE `epaper_user_setting` ENABLE KEYS */;
UNLOCK TABLES;

--
-- Table structure for table `ums_admin`
--

DROP TABLE IF EXISTS `ums_admin`;
/*!40101 SET @saved_cs_client     = @@character_set_client */;
/*!50503 SET character_set_client = utf8mb4 */;
CREATE TABLE `ums_admin` (
  `id` bigint NOT NULL AUTO_INCREMENT,
  `username` varchar(64) DEFAULT NULL,
  `password` varchar(64) DEFAULT NULL,
  `icon` varchar(500) DEFAULT NULL COMMENT '头像',
  `email` varchar(100) DEFAULT NULL COMMENT '邮箱',
  `nick_name` varchar(200) DEFAULT NULL COMMENT '昵称',
  `note` varchar(500) DEFAULT NULL COMMENT '备注信息',
  `create_time` datetime DEFAULT NULL COMMENT '创建时间',
  `login_time` datetime DEFAULT NULL COMMENT '最后登录时间',
  `status` int DEFAULT '1' COMMENT '帐号启用状态：0->禁用；1->启用',
  PRIMARY KEY (`id`)
) ENGINE=InnoDB AUTO_INCREMENT=19 DEFAULT CHARSET=utf8mb3 COMMENT='后台用户表';
/*!40101 SET character_set_client = @saved_cs_client */;

--
-- Dumping data for table `ums_admin`
--

LOCK TABLES `ums_admin` WRITE;
/*!40000 ALTER TABLE `ums_admin` DISABLE KEYS */;
INSERT INTO `ums_admin` VALUES (16,'Ymri','$2a$10$2iAhDTsBA7Ug.jQ35JZOOuGe4rO.Qc7X3ezAtE/0UGhnVTx7OLPRO',NULL,NULL,'Ymri','测试号','2024-04-06 16:19:13',NULL,1),(18,'epaper','$2a$10$b4aiv6ri66oiP0B2aV.5luwudP2H7M61mdGqnc0OQ/9PFnd7wmLmK',NULL,NULL,'Epaper','Epaper','2024-06-20 19:52:13',NULL,1);
/*!40000 ALTER TABLE `ums_admin` ENABLE KEYS */;
UNLOCK TABLES;

--
-- Table structure for table `ums_admin_login_log`
--

DROP TABLE IF EXISTS `ums_admin_login_log`;
/*!40101 SET @saved_cs_client     = @@character_set_client */;
/*!50503 SET character_set_client = utf8mb4 */;
CREATE TABLE `ums_admin_login_log` (
  `id` bigint NOT NULL AUTO_INCREMENT,
  `admin_id` bigint DEFAULT NULL,
  `create_time` datetime DEFAULT NULL,
  `ip` varchar(64) DEFAULT NULL,
  `address` varchar(100) DEFAULT NULL,
  `user_agent` varchar(100) DEFAULT NULL COMMENT '浏览器登录类型',
  PRIMARY KEY (`id`)
) ENGINE=InnoDB AUTO_INCREMENT=302 DEFAULT CHARSET=utf8mb3 COMMENT='后台用户登录日志表';
/*!40101 SET character_set_client = @saved_cs_client */;

--
-- Dumping data for table `ums_admin_login_log`
--

LOCK TABLES `ums_admin_login_log` WRITE;
/*!40000 ALTER TABLE `ums_admin_login_log` DISABLE KEYS */;
INSERT INTO `ums_admin_login_log` VALUES (285,3,'2020-08-24 14:05:21','0:0:0:0:0:0:0:1',NULL,NULL),(286,10,'2020-08-24 14:05:39','0:0:0:0:0:0:0:1',NULL,NULL),(287,3,'2024-04-05 20:15:00','0:0:0:0:0:0:0:1',NULL,NULL),(288,3,'2024-04-06 16:17:30','0:0:0:0:0:0:0:1',NULL,NULL),(289,16,'2024-04-06 16:19:43','0:0:0:0:0:0:0:1',NULL,NULL),(290,16,'2024-04-06 16:43:17','0:0:0:0:0:0:0:1',NULL,NULL),(291,16,'2024-04-07 20:14:36','0:0:0:0:0:0:0:1',NULL,NULL),(292,16,'2024-04-10 16:28:41','0:0:0:0:0:0:0:1',NULL,NULL),(293,3,'2024-04-10 20:45:53','0:0:0:0:0:0:0:1',NULL,NULL),(294,16,'2024-04-10 21:55:51','0:0:0:0:0:0:0:1',NULL,NULL),(295,16,'2024-04-11 11:06:54','0:0:0:0:0:0:0:1',NULL,NULL),(296,16,'2024-04-12 20:11:50','0:0:0:0:0:0:0:1',NULL,NULL),(297,16,'2024-04-14 18:59:37','0:0:0:0:0:0:0:1',NULL,NULL),(298,16,'2024-04-25 15:27:43','0:0:0:0:0:0:0:1',NULL,NULL),(299,16,'2024-04-25 16:31:58','0:0:0:0:0:0:0:1',NULL,NULL),(300,16,'2024-06-20 19:51:36','127.0.0.1',NULL,NULL),(301,18,'2024-06-20 22:32:56','127.0.0.1',NULL,NULL);
/*!40000 ALTER TABLE `ums_admin_login_log` ENABLE KEYS */;
UNLOCK TABLES;

--
-- Table structure for table `ums_admin_role_relation`
--

DROP TABLE IF EXISTS `ums_admin_role_relation`;
/*!40101 SET @saved_cs_client     = @@character_set_client */;
/*!50503 SET character_set_client = utf8mb4 */;
CREATE TABLE `ums_admin_role_relation` (
  `id` bigint NOT NULL AUTO_INCREMENT,
  `admin_id` bigint DEFAULT NULL,
  `role_id` bigint DEFAULT NULL,
  PRIMARY KEY (`id`)
) ENGINE=InnoDB AUTO_INCREMENT=57 DEFAULT CHARSET=utf8mb3 COMMENT='后台用户和角色关系表';
/*!40101 SET character_set_client = @saved_cs_client */;

--
-- Dumping data for table `ums_admin_role_relation`
--

LOCK TABLES `ums_admin_role_relation` WRITE;
/*!40000 ALTER TABLE `ums_admin_role_relation` DISABLE KEYS */;
INSERT INTO `ums_admin_role_relation` VALUES (26,3,5),(27,6,1),(28,7,2),(30,4,5),(31,8,5),(34,12,6),(38,13,5),(39,10,8),(43,16,5),(44,16,9),(45,16,10),(46,1,9),(51,18,10),(52,18,9),(53,18,8),(54,18,5),(55,18,2),(56,18,1);
/*!40000 ALTER TABLE `ums_admin_role_relation` ENABLE KEYS */;
UNLOCK TABLES;

--
-- Table structure for table `ums_menu`
--

DROP TABLE IF EXISTS `ums_menu`;
/*!40101 SET @saved_cs_client     = @@character_set_client */;
/*!50503 SET character_set_client = utf8mb4 */;
CREATE TABLE `ums_menu` (
  `id` bigint NOT NULL AUTO_INCREMENT,
  `parent_id` bigint DEFAULT NULL COMMENT '父级ID',
  `create_time` datetime DEFAULT NULL COMMENT '创建时间',
  `title` varchar(100) DEFAULT NULL COMMENT '菜单名称',
  `level` int DEFAULT NULL COMMENT '菜单级数',
  `sort` int DEFAULT NULL COMMENT '菜单排序',
  `name` varchar(100) DEFAULT NULL COMMENT '前端名称',
  `icon` varchar(200) DEFAULT NULL COMMENT '前端图标',
  `hidden` int DEFAULT NULL COMMENT '前端隐藏',
  PRIMARY KEY (`id`)
) ENGINE=InnoDB AUTO_INCREMENT=29 DEFAULT CHARSET=utf8mb3 COMMENT='后台菜单表';
/*!40101 SET character_set_client = @saved_cs_client */;

--
-- Dumping data for table `ums_menu`
--

LOCK TABLES `ums_menu` WRITE;
/*!40000 ALTER TABLE `ums_menu` DISABLE KEYS */;
INSERT INTO `ums_menu` VALUES (1,0,'2020-02-02 14:50:36','商品',0,0,'pms','product',1),(2,1,'2020-02-02 14:51:50','商品列表',1,0,'product','product-list',0),(3,1,'2020-02-02 14:52:44','添加商品',1,0,'addProduct','product-add',0),(4,1,'2020-02-02 14:53:51','商品分类',1,0,'productCate','product-cate',0),(5,1,'2020-02-02 14:54:51','商品类型',1,0,'productAttr','product-attr',0),(6,1,'2020-02-02 14:56:29','品牌管理',1,0,'brand','product-brand',0),(7,0,'2020-02-02 16:54:07','订单',0,0,'oms','order',1),(8,7,'2020-02-02 16:55:18','订单列表',1,0,'order','product-list',0),(9,7,'2020-02-02 16:56:46','订单设置',1,0,'orderSetting','order-setting',0),(10,7,'2020-02-02 16:57:39','退货申请处理',1,0,'returnApply','order-return',0),(11,7,'2020-02-02 16:59:40','退货原因设置',1,0,'returnReason','order-return-reason',0),(12,0,'2020-02-04 16:18:00','营销',0,0,'sms','sms',1),(13,12,'2020-02-04 16:19:22','秒杀活动列表',1,0,'flash','sms-flash',0),(14,12,'2020-02-04 16:20:16','优惠券列表',1,0,'coupon','sms-coupon',0),(16,12,'2020-02-07 16:22:38','品牌推荐',1,0,'homeBrand','product-brand',0),(17,12,'2020-02-07 16:23:14','新品推荐',1,0,'homeNew','sms-new',0),(18,12,'2020-02-07 16:26:38','人气推荐',1,0,'homeHot','sms-hot',0),(19,12,'2020-02-07 16:28:16','专题推荐',1,0,'homeSubject','sms-subject',0),(20,12,'2020-02-07 16:28:42','广告列表',1,0,'homeAdvertise','sms-ad',0),(21,0,'2020-02-07 16:29:13','权限',0,0,'ums','ums',0),(22,21,'2020-02-07 16:29:51','用户列表',1,0,'admin','ums-admin',0),(23,21,'2020-02-07 16:30:13','角色列表',1,0,'role','ums-role',0),(24,21,'2020-02-07 16:30:53','菜单列表',1,0,'menu','ums-menu',0),(25,21,'2020-02-07 16:31:13','资源列表',1,0,'resource','ums-resource',0);
/*!40000 ALTER TABLE `ums_menu` ENABLE KEYS */;
UNLOCK TABLES;

--
-- Table structure for table `ums_resource`
--

DROP TABLE IF EXISTS `ums_resource`;
/*!40101 SET @saved_cs_client     = @@character_set_client */;
/*!50503 SET character_set_client = utf8mb4 */;
CREATE TABLE `ums_resource` (
  `id` bigint NOT NULL AUTO_INCREMENT,
  `create_time` datetime DEFAULT NULL COMMENT '创建时间',
  `name` varchar(200) DEFAULT NULL COMMENT '资源名称',
  `url` varchar(200) DEFAULT NULL COMMENT '资源URL',
  `description` varchar(500) DEFAULT NULL COMMENT '描述',
  `category_id` bigint DEFAULT NULL COMMENT '资源分类ID',
  PRIMARY KEY (`id`)
) ENGINE=InnoDB AUTO_INCREMENT=33 DEFAULT CHARSET=utf8mb3 COMMENT='后台资源表';
/*!40101 SET character_set_client = @saved_cs_client */;

--
-- Dumping data for table `ums_resource`
--

LOCK TABLES `ums_resource` WRITE;
/*!40000 ALTER TABLE `ums_resource` DISABLE KEYS */;
INSERT INTO `ums_resource` VALUES (1,'2020-02-04 17:04:55','商品品牌管理','/brand/**',NULL,1),(2,'2020-02-04 17:05:35','商品属性分类管理','/productAttribute/**',NULL,1),(3,'2020-02-04 17:06:13','商品属性管理','/productAttribute/**',NULL,1),(4,'2020-02-04 17:07:15','商品分类管理','/productCategory/**',NULL,1),(5,'2020-02-04 17:09:16','商品管理','/product/**',NULL,1),(6,'2020-02-04 17:09:53','商品库存管理','/sku/**',NULL,1),(8,'2020-02-05 14:43:37','订单管理','/order/**','',2),(9,'2020-02-05 14:44:22',' 订单退货申请管理','/returnApply/**','',2),(10,'2020-02-05 14:45:08','退货原因管理','/returnReason/**','',2),(11,'2020-02-05 14:45:43','订单设置管理','/orderSetting/**','',2),(12,'2020-02-05 14:46:23','收货地址管理','/companyAddress/**','',2),(13,'2020-02-07 16:37:22','优惠券管理','/coupon/**','',3),(14,'2020-02-07 16:37:59','优惠券领取记录管理','/couponHistory/**','',3),(15,'2020-02-07 16:38:28','限时购活动管理','/flash/**','',3),(16,'2020-02-07 16:38:59','限时购商品关系管理','/flashProductRelation/**','',3),(17,'2020-02-07 16:39:22','限时购场次管理','/flashSession/**','',3),(18,'2020-02-07 16:40:07','首页轮播广告管理','/home/advertise/**','',3),(19,'2020-02-07 16:40:34','首页品牌管理','/home/brand/**','',3),(20,'2020-02-07 16:41:06','首页新品管理','/home/newProduct/**','',3),(21,'2020-02-07 16:42:16','首页人气推荐管理','/home/recommendProduct/**','',3),(22,'2020-02-07 16:42:48','首页专题推荐管理','/home/recommendSubject/**','',3),(23,'2020-02-07 16:44:56',' 商品优选管理','/prefrenceArea/**','',5),(24,'2020-02-07 16:45:39','商品专题管理','/subject/**','',5),(25,'2020-02-07 16:47:34','后台用户管理','/admin/**','',4),(26,'2020-02-07 16:48:24','后台用户角色管理','/role/**','',4),(27,'2020-02-07 16:48:48','后台菜单管理','/menu/**','',4),(28,'2020-02-07 16:49:18','后台资源分类管理','/resourceCategory/**','',4),(29,'2020-02-07 16:49:45','后台资源管理','/resource/**','',4),(32,'2024-04-06 16:25:02','查看日历','/epaper/**','',9);
/*!40000 ALTER TABLE `ums_resource` ENABLE KEYS */;
UNLOCK TABLES;

--
-- Table structure for table `ums_resource_category`
--

DROP TABLE IF EXISTS `ums_resource_category`;
/*!40101 SET @saved_cs_client     = @@character_set_client */;
/*!50503 SET character_set_client = utf8mb4 */;
CREATE TABLE `ums_resource_category` (
  `id` bigint NOT NULL AUTO_INCREMENT,
  `create_time` datetime DEFAULT NULL COMMENT '创建时间',
  `name` varchar(200) DEFAULT NULL COMMENT '分类名称',
  `sort` int DEFAULT NULL COMMENT '排序',
  PRIMARY KEY (`id`)
) ENGINE=InnoDB AUTO_INCREMENT=10 DEFAULT CHARSET=utf8mb3 COMMENT='资源分类表';
/*!40101 SET character_set_client = @saved_cs_client */;

--
-- Dumping data for table `ums_resource_category`
--

LOCK TABLES `ums_resource_category` WRITE;
/*!40000 ALTER TABLE `ums_resource_category` DISABLE KEYS */;
INSERT INTO `ums_resource_category` VALUES (1,'2020-02-05 10:21:44','商品模块',0),(2,'2020-02-05 10:22:34','订单模块',0),(3,'2020-02-05 10:22:48','营销模块',0),(4,'2020-02-05 10:23:04','权限模块',0),(5,'2020-02-07 16:34:27','内容模块',0),(6,'2020-02-07 16:35:49','其他模块',0),(9,'2024-04-06 16:23:37','电子相册',0);
/*!40000 ALTER TABLE `ums_resource_category` ENABLE KEYS */;
UNLOCK TABLES;

--
-- Table structure for table `ums_role`
--

DROP TABLE IF EXISTS `ums_role`;
/*!40101 SET @saved_cs_client     = @@character_set_client */;
/*!50503 SET character_set_client = utf8mb4 */;
CREATE TABLE `ums_role` (
  `id` bigint NOT NULL AUTO_INCREMENT,
  `name` varchar(100) DEFAULT NULL COMMENT '名称',
  `description` varchar(500) DEFAULT NULL COMMENT '描述',
  `admin_count` int DEFAULT NULL COMMENT '后台用户数量',
  `create_time` datetime DEFAULT NULL COMMENT '创建时间',
  `status` int DEFAULT '1' COMMENT '启用状态：0->禁用；1->启用',
  `sort` int DEFAULT '0',
  PRIMARY KEY (`id`)
) ENGINE=InnoDB AUTO_INCREMENT=11 DEFAULT CHARSET=utf8mb3 COMMENT='后台用户角色表';
/*!40101 SET character_set_client = @saved_cs_client */;

--
-- Dumping data for table `ums_role`
--

LOCK TABLES `ums_role` WRITE;
/*!40000 ALTER TABLE `ums_role` DISABLE KEYS */;
INSERT INTO `ums_role` VALUES (1,'商品管理员','只能查看及操作商品',0,'2020-02-03 16:50:37',1,0),(2,'订单管理员','只能查看及操作订单',0,'2018-09-30 15:53:45',1,0),(5,'超级管理员','拥有所有查看和操作功能',0,'2020-02-02 15:11:05',1,0),(8,'权限管理员','用于权限模块所有操作功能',0,'2020-08-24 10:57:35',1,0),(9,'日历','相册使用',0,'2024-04-06 16:25:51',1,0),(10,'日历管理员','日历管理员',0,'2024-04-10 20:44:24',1,0);
/*!40000 ALTER TABLE `ums_role` ENABLE KEYS */;
UNLOCK TABLES;

--
-- Table structure for table `ums_role_menu_relation`
--

DROP TABLE IF EXISTS `ums_role_menu_relation`;
/*!40101 SET @saved_cs_client     = @@character_set_client */;
/*!50503 SET character_set_client = utf8mb4 */;
CREATE TABLE `ums_role_menu_relation` (
  `id` bigint NOT NULL AUTO_INCREMENT,
  `role_id` bigint DEFAULT NULL COMMENT '角色ID',
  `menu_id` bigint DEFAULT NULL COMMENT '菜单ID',
  PRIMARY KEY (`id`)
) ENGINE=InnoDB AUTO_INCREMENT=111 DEFAULT CHARSET=utf8mb3 COMMENT='后台角色菜单关系表';
/*!40101 SET character_set_client = @saved_cs_client */;

--
-- Dumping data for table `ums_role_menu_relation`
--

LOCK TABLES `ums_role_menu_relation` WRITE;
/*!40000 ALTER TABLE `ums_role_menu_relation` DISABLE KEYS */;
INSERT INTO `ums_role_menu_relation` VALUES (33,1,1),(34,1,2),(35,1,3),(36,1,4),(37,1,5),(38,1,6),(53,2,7),(54,2,8),(55,2,9),(56,2,10),(57,2,11),(72,5,1),(73,5,2),(74,5,3),(75,5,4),(76,5,5),(77,5,6),(78,5,7),(79,5,8),(80,5,9),(81,5,10),(82,5,11),(83,5,12),(84,5,13),(85,5,14),(86,5,16),(87,5,17),(88,5,18),(89,5,19),(90,5,20),(91,5,21),(92,5,22),(93,5,23),(94,5,24),(95,5,25),(96,6,21),(97,6,22),(98,6,23),(99,6,24),(100,6,25),(101,7,21),(102,7,22),(103,7,23),(104,7,24),(105,7,25),(106,8,21),(107,8,22),(108,8,23),(109,8,24),(110,8,25);
/*!40000 ALTER TABLE `ums_role_menu_relation` ENABLE KEYS */;
UNLOCK TABLES;

--
-- Table structure for table `ums_role_resource_relation`
--

DROP TABLE IF EXISTS `ums_role_resource_relation`;
/*!40101 SET @saved_cs_client     = @@character_set_client */;
/*!50503 SET character_set_client = utf8mb4 */;
CREATE TABLE `ums_role_resource_relation` (
  `id` bigint NOT NULL AUTO_INCREMENT,
  `role_id` bigint DEFAULT NULL COMMENT '角色ID',
  `resource_id` bigint DEFAULT NULL COMMENT '资源ID',
  PRIMARY KEY (`id`)
) ENGINE=InnoDB AUTO_INCREMENT=219 DEFAULT CHARSET=utf8mb3 COMMENT='后台角色资源关系表';
/*!40101 SET character_set_client = @saved_cs_client */;

--
-- Dumping data for table `ums_role_resource_relation`
--

LOCK TABLES `ums_role_resource_relation` WRITE;
/*!40000 ALTER TABLE `ums_role_resource_relation` DISABLE KEYS */;
INSERT INTO `ums_role_resource_relation` VALUES (103,2,8),(104,2,9),(105,2,10),(106,2,11),(107,2,12),(142,5,1),(143,5,2),(144,5,3),(145,5,4),(146,5,5),(147,5,6),(148,5,8),(149,5,9),(150,5,10),(151,5,11),(152,5,12),(153,5,13),(154,5,14),(155,5,15),(156,5,16),(157,5,17),(158,5,18),(159,5,19),(160,5,20),(161,5,21),(162,5,22),(163,5,23),(164,5,24),(165,5,25),(166,5,26),(167,5,27),(168,5,28),(169,5,29),(170,1,1),(171,1,2),(172,1,3),(173,1,4),(174,1,5),(175,1,6),(176,1,23),(177,1,24),(178,6,25),(179,6,26),(180,6,27),(181,6,28),(182,6,29),(205,7,25),(206,7,26),(207,7,27),(208,7,28),(209,7,29),(210,7,31),(211,8,25),(212,8,26),(213,8,27),(214,8,28),(215,8,29),(217,9,32),(218,10,32);
/*!40000 ALTER TABLE `ums_role_resource_relation` ENABLE KEYS */;
UNLOCK TABLES;
/*!40103 SET TIME_ZONE=@OLD_TIME_ZONE */;

/*!40101 SET SQL_MODE=@OLD_SQL_MODE */;
/*!40014 SET FOREIGN_KEY_CHECKS=@OLD_FOREIGN_KEY_CHECKS */;
/*!40014 SET UNIQUE_CHECKS=@OLD_UNIQUE_CHECKS */;
/*!40101 SET CHARACTER_SET_CLIENT=@OLD_CHARACTER_SET_CLIENT */;
/*!40101 SET CHARACTER_SET_RESULTS=@OLD_CHARACTER_SET_RESULTS */;
/*!40101 SET COLLATION_CONNECTION=@OLD_COLLATION_CONNECTION */;
/*!40111 SET SQL_NOTES=@OLD_SQL_NOTES */;

-- Dump completed on 2024-06-20 23:45:33
